{
  "score": {
    "en": "score",
    "zh": "得分"
  },
  "welcome": {
    "en": "Welcome to Breakout",
    "zh": "你大爷打砖块"
  },
  "ready": {
    "en": "Level",
    "zh": "关卡"
  },
  "level": {
    "en": "Level",
    "zh": "关卡"
  },
  "attempt": {
    "en": "Attempt",
    "zh": "尝试机会"
  },
  "win": {
    "en": "You win",
    "zh": "赢了，赢麻了都"
  },
  "lose": {
    "en": "You lose",
    "zh": "菜鸡，这都输了"
  },
  "pressSpace": {
    "en": "Press Space to start",
    "zh": "按空格键开始"
  },
  "pressA": {
    "en": "Press A to move left",
    "zh": "按A向左移动"
  },
  "pressD": {
    "en": "Press D to move right",
    "zh": "按D向右移动"
  }
}